Nível Territorial (Código),Nível Territorial,Unidade de Medida (Código),Unidade de Medida,Valor,Brasil (Código),Brasil,Variável (Código),Variável,Mês (Código),Mês
1,Brasil,30,Número-índice,7.6183e-9,1,Brasil,2266,IPCA - Número-índice (base: dezembro de 1993 = 100),197912,dezembro 1979
1,Brasil,30,Número-índice,8.1223e-9,1,Brasil,2266,IPCA - Número-índice (base: dezembro de 1993 = 100),198001,janeiro 1980
1,Brasil,30,Número-índice,8.4973e-9,1,Brasil,2266,IPCA - Número-índice (base: dezembro de 1993 = 100),198002,fevereiro 1980
1,Brasil,30,Número-índice,9.0104e-9,1,Brasil,2266,IPCA - Número-índice (base: dezembro de 1993 = 100),198003,março 1980
1,Brasil,30,Número-índice,9.4867e-9,1,Brasil,2266,IPCA - Número-índice (base: dezembro de 1993 = 100),198004,abril 1980
1,Brasil,30,Número-índice,1.00277e-8,1,Brasil,2266,IPCA - Número-índice (base: dezembro de 1993 = 100),198005,maio 1980
1,Brasil,30,Número-índice,1.05597e-8,1,Brasil,2266,IPCA - Número-índice (base: dezembro de 1993 = 100),198006,junho 1980
1,Brasil,30,Número-índice,1.11453e-8,1,Brasil,2266,IPCA - Número-índice (base: dezembro de 1993 = 100),198007,julho 1980
1,Brasil,30,Número-índice,1.16965e-8,1,Brasil,2266,IPCA - Número-índice (base: dezembro de 1993 = 100),198008,agosto 1980
1,Brasil,30,Número-índice,1.21913e-8,1,Brasil,2266,IPCA - Número-índice (base: dezembro de 1993 = 100),198009,setembro 1980
1,Brasil,30,Número-índice,1.33471e-8,1,Brasil,2266,IPCA - Número-índice (base: dezembro de 1993 = 100),198010,outubro 1980
1,Brasil,30,Número-índice,1.42378e-8,1,Brasil,2266,IPCA - Número-índice (base: dezembro de 1993 = 100),198011,novembro 1980
1,Brasil,30,Número-índice,1.51795e-8,1,Brasil,2266,IPCA - Número-índice (base: dezembro de 1993 = 100),198012,dezembro 1980
1,Brasil,30,Número-índice,1.62174e-8,1,Brasil,2266,IPCA - Número-índice (base: dezembro de 1993 = 100),198101,janeiro 1981
1,Brasil,30,Número-índice,1.72555e-8,1,Brasil,2266,IPCA - Número-índice (base: dezembro de 1993 = 100),198102,fevereiro 1981
1,Brasil,30,Número-índice,1.81134e-8,1,Brasil,2266,IPCA - Número-índice (base: dezembro de 1993 = 100),198103,março 1981
1,Brasil,30,Número-índice,1.92839e-8,1,Brasil,2266,IPCA - Número-índice (base: dezembro de 1993 = 100),198104,abril 1981
1,Brasil,30,Número-índice,2.0356e-8,1,Brasil,2266,IPCA - Número-índice (base: dezembro de 1993 = 100),198105,maio 1981
1,Brasil,30,Número-índice,2.14792e-8,1,Brasil,2266,IPCA - Número-índice (base: dezembro de 1993 = 100),198106,junho 1981
1,Brasil,30,Número-índice,2.28229e-8,1,Brasil,2266,IPCA - Número-índice (base: dezembro de 1993 = 100),198107,julho 1981
1,Brasil,30,Número-índice,2.40772e-8,1,Brasil,2266,IPCA - Número-índice (base: dezembro de 1993 = 100),198108,agosto 1981
1,Brasil,30,Número-índice,2.53429e-8,1,Brasil,2266,IPCA - Número-índice (base: dezembro de 1993 = 100),198109,setembro 1981
1,Brasil,30,Número-índice,2.66297e-8,1,Brasil,2266,IPCA - Número-índice (base: dezembro de 1993 = 100),198110,outubro 1981
1,Brasil,30,Número-índice,2.80335e-8,1,Brasil,2266,IPCA - Número-índice (base: dezembro de 1993 = 100),198111,novembro 1981
1,Brasil,30,Número-índice,2.96946e-8,1,Brasil,2266,IPCA - Número-índice (base: dezembro de 1993 = 100),198112,dezembro 1981
1,Brasil,30,Número-índice,3.17628e-8,1,Brasil,2266,IPCA - Número-índice (base: dezembro de 1993 = 100),198201,janeiro 1982
1,Brasil,30,Número-índice,3.38708e-8,1,Brasil,2266,IPCA - Número-índice (base: dezembro de 1993 = 100),198202,fevereiro 1982
1,Brasil,30,Número-índice,3.58057e-8,1,Brasil,2266,IPCA - Número-índice (base: dezembro de 1993 = 100),198203,março 1982
1,Brasil,30,Número-índice,3.79137e-8,1,Brasil,2266,IPCA - Número-índice (base: dezembro de 1993 = 100),198204,abril 1982
1,Brasil,30,Número-índice,4.04382e-8,1,Brasil,2266,IPCA - Número-índice (base: dezembro de 1993 = 100),198205,maio 1982
1,Brasil,30,Número-índice,4.33113e-8,1,Brasil,2266,IPCA - Número-índice (base: dezembro de 1993 = 100),198206,junho 1982
1,Brasil,30,Número-índice,4.6065e-8,1,Brasil,2266,IPCA - Número-índice (base: dezembro de 1993 = 100),198207,julho 1982
1,Brasil,30,Número-índice,4.88164e-8,1,Brasil,2266,IPCA - Número-índice (base: dezembro de 1993 = 100),198208,agosto 1982
1,Brasil,30,Número-índice,5.12964e-8,1,Brasil,2266,IPCA - Número-índice (base: dezembro de 1993 = 100),198209,setembro 1982
1,Brasil,30,Número-índice,5.35752e-8,1,Brasil,2266,IPCA - Número-índice (base: dezembro de 1993 = 100),198210,outubro 1982
1,Brasil,30,Número-índice,5.64085e-8,1,Brasil,2266,IPCA - Número-índice (base: dezembro de 1993 = 100),198211,novembro 1982
1,Brasil,30,Número-índice,6.08117e-8,1,Brasil,2266,IPCA - Número-índice (base: dezembro de 1993 = 100),198212,dezembro 1982
1,Brasil,30,Número-índice,6.60665e-8,1,Brasil,2266,IPCA - Número-índice (base: dezembro de 1993 = 100),198301,janeiro 1983
1,Brasil,30,Número-índice,7.12581e-8,1,Brasil,2266,IPCA - Número-índice (base: dezembro de 1993 = 100),198302,fevereiro 1983
1,Brasil,30,Número-índice,7.64919e-8,1,Brasil,2266,IPCA - Número-índice (base: dezembro de 1993 = 100),198303,março 1983
1,Brasil,30,Número-índice,8.15245e-8,1,Brasil,2266,IPCA - Número-índice (base: dezembro de 1993 = 100),198304,abril 1983
1,Brasil,30,Número-índice,8.68097e-8,1,Brasil,2266,IPCA - Número-índice (base: dezembro de 1993 = 100),198305,maio 1983
1,Brasil,30,Número-índice,9.53868e-8,1,Brasil,2266,IPCA - Número-índice (base: dezembro de 1993 = 100),198306,junho 1983
1,Brasil,30,Número-índice,1.050003e-7,1,Brasil,2266,IPCA - Número-índice (base: dezembro de 1993 = 100),198307,julho 1983
1,Brasil,30,Número-índice,1.145671e-7,1,Brasil,2266,IPCA - Número-índice (base: dezembro de 1993 = 100),198308,agosto 1983
1,Brasil,30,Número-índice,1.263682e-7,1,Brasil,2266,IPCA - Número-índice (base: dezembro de 1993 = 100),198309,setembro 1983
1,Brasil,30,Número-índice,1.375727e-7,1,Brasil,2266,IPCA - Número-índice (base: dezembro de 1993 = 100),198310,outubro 1983
1,Brasil,30,Número-índice,1.477314e-7,1,Brasil,2266,IPCA - Número-índice (base: dezembro de 1993 = 100),198311,novembro 1983
1,Brasil,30,Número-índice,1.605502e-7,1,Brasil,2266,IPCA - Número-índice (base: dezembro de 1993 = 100),198312,dezembro 1983
1,Brasil,30,Número-índice,1.760737e-7,1,Brasil,2266,IPCA - Número-índice (base: dezembro de 1993 = 100),198401,janeiro 1984
1,Brasil,30,Número-índice,1.92802e-7,1,Brasil,2266,IPCA - Número-índice (base: dezembro de 1993 = 100),198402,fevereiro 1984
1,Brasil,30,Número-índice,2.100357e-7,1,Brasil,2266,IPCA - Número-índice (base: dezembro de 1993 = 100),198403,março 1984
1,Brasil,30,Número-índice,2.300794e-7,1,Brasil,2266,IPCA - Número-índice (base: dezembro de 1993 = 100),198404,abril 1984
1,Brasil,30,Número-índice,2.509021e-7,1,Brasil,2266,IPCA - Número-índice (base: dezembro de 1993 = 100),198405,maio 1984
1,Brasil,30,Número-índice,2.761935e-7,1,Brasil,2266,IPCA - Número-índice (base: dezembro de 1993 = 100),198406,junho 1984
1,Brasil,30,Número-índice,3.030524e-7,1,Brasil,2266,IPCA - Número-índice (base: dezembro de 1993 = 100),198407,julho 1984
1,Brasil,30,Número-índice,3.313854e-7,1,Brasil,2266,IPCA - Número-índice (base: dezembro de 1993 = 100),198408,agosto 1984
1,Brasil,30,Número-índice,3.703168e-7,1,Brasil,2266,IPCA - Número-índice (base: dezembro de 1993 = 100),198409,setembro 1984
1,Brasil,30,Número-índice,4.089675e-7,1,Brasil,2266,IPCA - Número-índice (base: dezembro de 1993 = 100),198410,outubro 1984
1,Brasil,30,Número-índice,4.520168e-7,1,Brasil,2266,IPCA - Número-índice (base: dezembro de 1993 = 100),198411,novembro 1984
1,Brasil,30,Número-índice,5.061559e-7,1,Brasil,2266,IPCA - Número-índice (base: dezembro de 1993 = 100),198412,dezembro 1984
1,Brasil,30,Número-índice,5.656761e-7,1,Brasil,2266,IPCA - Número-índice (base: dezembro de 1993 = 100),198501,janeiro 1985
1,Brasil,30,Número-índice,6.271382e-7,1,Brasil,2266,IPCA - Número-índice (base: dezembro de 1993 = 100),198502,fevereiro 1985
1,Brasil,30,Número-índice,6.908698e-7,1,Brasil,2266,IPCA - Número-índice (base: dezembro de 1993 = 100),198503,março 1985
1,Brasil,30,Número-índice,7.474889e-7,1,Brasil,2266,IPCA - Número-índice (base: dezembro de 1993 = 100),198504,abril 1985
1,Brasil,30,Número-índice,8.01277e-7,1,Brasil,2266,IPCA - Número-índice (base: dezembro de 1993 = 100),198505,maio 1985
1,Brasil,30,Número-índice,8.693369e-7,1,Brasil,2266,IPCA - Número-índice (base: dezembro de 1993 = 100),198506,junho 1985
1,Brasil,30,Número-índice,9.589916e-7,1,Brasil,2266,IPCA - Número-índice (base: dezembro de 1993 = 100),198507,julho 1985
1,Brasil,30,Número-índice,1.0745459e-6,1,Brasil,2266,IPCA - Número-índice (base: dezembro de 1993 = 100),198508,agosto 1985
1,Brasil,30,Número-índice,1.1940075e-6,1,Brasil,2266,IPCA - Número-índice (base: dezembro de 1993 = 100),198509,setembro 1985
1,Brasil,30,Número-índice,1.3207687e-6,1,Brasil,2266,IPCA - Número-índice (base: dezembro de 1993 = 100),198510,outubro 1985
1,Brasil,30,Número-índice,1.5053189e-6,1,Brasil,2266,IPCA - Número-índice (base: dezembro de 1993 = 100),198511,novembro 1985
1,Brasil,30,Número-índice,1.7322163e-6,1,Brasil,2266,IPCA - Número-índice (base: dezembro de 1993 = 100),198512,dezembro 1985
1,Brasil,30,Número-índice,1.9811765e-6,1,Brasil,2266,IPCA - Número-índice (base: dezembro de 1993 = 100),198601,janeiro 1986
1,Brasil,30,Número-índice,2.233108e-6,1,Brasil,2266,IPCA - Número-índice (base: dezembro de 1993 = 100),198602,fevereiro 1986
1,Brasil,30,Número-índice,2.3396314e-6,1,Brasil,2266,IPCA - Número-índice (base: dezembro de 1993 = 100),198603,março 1986
1,Brasil,30,Número-índice,2.3578806e-6,1,Brasil,2266,IPCA - Número-índice (base: dezembro de 1993 = 100),198604,abril 1986
1,Brasil,30,Número-índice,2.3908694e-6,1,Brasil,2266,IPCA - Número-índice (base: dezembro de 1993 = 100),198605,maio 1986
1,Brasil,30,Número-índice,2.4212846e-6,1,Brasil,2266,IPCA - Número-índice (base: dezembro de 1993 = 100),198606,junho 1986
1,Brasil,30,Número-índice,2.462696e-6,1,Brasil,2266,IPCA - Número-índice (base: dezembro de 1993 = 100),198607,julho 1986
1,Brasil,30,Número-índice,2.5501983e-6,1,Brasil,2266,IPCA - Número-índice (base: dezembro de 1993 = 100),198608,agosto 1986
1,Brasil,30,Número-índice,2.5939494e-6,1,Brasil,2266,IPCA - Número-índice (base: dezembro de 1993 = 100),198609,setembro 1986
1,Brasil,30,Número-índice,2.6433156e-6,1,Brasil,2266,IPCA - Número-índice (base: dezembro de 1993 = 100),198610,outubro 1986
1,Brasil,30,Número-índice,2.7874369e-6,1,Brasil,2266,IPCA - Número-índice (base: dezembro de 1993 = 100),198611,novembro 1986
1,Brasil,30,Número-índice,3.1121777e-6,1,Brasil,2266,IPCA - Número-índice (base: dezembro de 1993 = 100),198612,dezembro 1986
1,Brasil,30,Número-índice,3.523251e-6,1,Brasil,2266,IPCA - Número-índice (base: dezembro de 1993 = 100),198701,janeiro 1987
1,Brasil,30,Número-índice,3.9684829e-6,1,Brasil,2266,IPCA - Número-índice (base: dezembro de 1993 = 100),198702,fevereiro 1987
1,Brasil,30,Número-índice,4.6181985e-6,1,Brasil,2266,IPCA - Número-índice (base: dezembro de 1993 = 100),198703,março 1987
1,Brasil,30,Número-índice,5.5002395e-6,1,Brasil,2266,IPCA - Número-índice (base: dezembro de 1993 = 100),198704,abril 1987
1,Brasil,30,Número-índice,6.6801157e-6,1,Brasil,2266,IPCA - Número-índice (base: dezembro de 1993 = 100),198705,maio 1987
1,Brasil,30,Número-índice,7.9968603e-6,1,Brasil,2266,IPCA - Número-índice (base: dezembro de 1993 = 100),198706,junho 1987
1,Brasil,30,Número-índice,8.7333762e-6,1,Brasil,2266,IPCA - Número-índice (base: dezembro de 1993 = 100),198707,julho 1987
1,Brasil,30,Número-índice,9.1587212e-6,1,Brasil,2266,IPCA - Número-índice (base: dezembro de 1993 = 100),198708,agosto 1987
1,Brasil,30,Número-índice,9.871373e-6,1,Brasil,2266,IPCA - Número-índice (base: dezembro de 1993 = 100),198709,setembro 1987
1,Brasil,30,Número-índice,1.09789545e-5,1,Brasil,2266,IPCA - Número-índice (base: dezembro de 1993 = 100),198710,outubro 1987
1,Brasil,30,Número-índice,1.26344777e-5,1,Brasil,2266,IPCA - Número-índice (base: dezembro de 1993 = 100),198711,novembro 1987
1,Brasil,30,Número-índice,1.44221901e-5,1,Brasil,2266,IPCA - Número-índice (base: dezembro de 1993 = 100),198712,dezembro 1987
1,Brasil,30,Número-índice,1.7146457e-5,1,Brasil,2266,IPCA - Número-índice (base: dezembro de 1993 = 100),198801,janeiro 1988
1,Brasil,30,Número-índice,1.98384369e-5,1,Brasil,2266,IPCA - Número-índice (base: dezembro de 1993 = 100),198802,fevereiro 1988
1,Brasil,30,Número-índice,2.33301029e-5,1,Brasil,2266,IPCA - Número-índice (base: dezembro de 1993 = 100),198803,março 1988
1,Brasil,30,Número-índice,2.7830389e-5,1,Brasil,2266,IPCA - Número-índice (base: dezembro de 1993 = 100),198804,abril 1988
1,Brasil,30,Número-índice,3.26783343e-5,1,Brasil,2266,IPCA - Número-índice (base: dezembro de 1993 = 100),198805,maio 1988
1,Brasil,30,Número-índice,3.98675537e-5,1,Brasil,2266,IPCA - Número-índice (base: dezembro de 1993 = 100),198806,junho 1988
1,Brasil,30,Número-índice,4.86025677e-5,1,Brasil,2266,IPCA - Número-índice (base: dezembro de 1993 = 100),198807,julho 1988
1,Brasil,30,Número-índice,5.90958147e-5,1,Brasil,2266,IPCA - Número-índice (base: dezembro de 1993 = 100),198808,agosto 1988
1,Brasil,30,Número-índice,7.53176493e-5,1,Brasil,2266,IPCA - Número-índice (base: dezembro de 1993 = 100),198809,setembro 1988
1,Brasil,30,Número-índice,9.46139936e-5,1,Brasil,2266,IPCA - Número-índice (base: dezembro de 1993 = 100),198810,outubro 1988
1,Brasil,30,Número-índice,1.210492553e-4,1,Brasil,2266,IPCA - Número-índice (base: dezembro de 1993 = 100),198811,novembro 1988
1,Brasil,30,Número-índice,1.557904426e-4,1,Brasil,2266,IPCA - Número-índice (base: dezembro de 1993 = 100),198812,dezembro 1988
1,Brasil,30,Número-índice,2.141963e-4,1,Brasil,2266,IPCA - Número-índice (base: dezembro de 1993 = 100),198901,janeiro 1989
1,Brasil,30,Número-índice,2.501384201e-4,1,Brasil,2266,IPCA - Número-índice (base: dezembro de 1993 = 100),198902,fevereiro 1989
1,Brasil,30,Número-índice,2.671978428e-4,1,Brasil,2266,IPCA - Número-índice (base: dezembro de 1993 = 100),198903,março 1989
1,Brasil,30,Número-índice,2.894554586e-4,1,Brasil,2266,IPCA - Número-índice (base: dezembro de 1993 = 100),198904,abril 1989
1,Brasil,30,Número-índice,3.413257896e-4,1,Brasil,2266,IPCA - Número-índice (base: dezembro de 1993 = 100),198905,maio 1989
1,Brasil,30,Número-índice,4.391155989e-4,1,Brasil,2266,IPCA - Número-índice (base: dezembro de 1993 = 100),198906,junho 1989
1,Brasil,30,Número-índice,5.609261703e-4,1,Brasil,2266,IPCA - Número-índice (base: dezembro de 1993 = 100),198907,julho 1989
1,Brasil,30,Número-índice,7.500144816e-4,1,Brasil,2266,IPCA - Número-índice (base: dezembro de 1993 = 100),198908,agosto 1989
1,Brasil,30,Número-índice,0.001031719911,1,Brasil,2266,IPCA - Número-índice (base: dezembro de 1993 = 100),198909,setembro 1989
1,Brasil,30,Número-índice,0.0014420348808,1,Brasil,2266,IPCA - Número-índice (base: dezembro de 1993 = 100),198910,outubro 1989
1,Brasil,30,Número-índice,0.0021316159803,1,Brasil,2266,IPCA - Número-índice (base: dezembro de 1993 = 100),198911,novembro 1989
1,Brasil,30,Número-índice,0.0032293981927,1,Brasil,2266,IPCA - Número-índice (base: dezembro de 1993 = 100),198912,dezembro 1989
1,Brasil,30,Número-índice,0.0054108567454,1,Brasil,2266,IPCA - Número-índice (base: dezembro de 1993 = 100),199001,janeiro 1990
1,Brasil,30,Número-índice,0.0095084984833,1,Brasil,2266,IPCA - Número-índice (base: dezembro de 1993 = 100),199002,fevereiro 1990
1,Brasil,30,Número-índice,0.017342550351,1,Brasil,2266,IPCA - Número-índice (base: dezembro de 1993 = 100),199003,março 1990
1,Brasil,30,Número-índice,0.0200341140678,1,Brasil,2266,IPCA - Número-índice (base: dezembro de 1993 = 100),199004,abril 1990
1,Brasil,30,Número-índice,0.0215547032441,1,Brasil,2266,IPCA - Número-índice (base: dezembro de 1993 = 100),199005,maio 1990
1,Brasil,30,Número-índice,0.0240873809519,1,Brasil,2266,IPCA - Número-índice (base: dezembro de 1993 = 100),199006,junho 1990
1,Brasil,30,Número-índice,0.027199470492,1,Brasil,2266,IPCA - Número-índice (base: dezembro de 1993 = 100),199007,julho 1990
1,Brasil,30,Número-índice,0.0307027623187,1,Brasil,2266,IPCA - Número-índice (base: dezembro de 1993 = 100),199008,agosto 1990
1,Brasil,30,Número-índice,0.0351270304097,1,Brasil,2266,IPCA - Número-índice (base: dezembro de 1993 = 100),199009,setembro 1990
1,Brasil,30,Número-índice,0.0401712720553,1,Brasil,2266,IPCA - Número-índice (base: dezembro de 1993 = 100),199010,outubro 1990
1,Brasil,30,Número-índice,0.0469240627842,1,Brasil,2266,IPCA - Número-índice (base: dezembro de 1993 = 100),199011,novembro 1990
1,Brasil,30,Número-índice,0.0555768600186,1,Brasil,2266,IPCA - Número-índice (base: dezembro de 1993 = 100),199012,dezembro 1990
1,Brasil,30,Número-índice,0.0671090584724,1,Brasil,2266,IPCA - Número-índice (base: dezembro de 1993 = 100),199101,janeiro 1991
1,Brasil,30,Número-índice,0.0810143888491,1,Brasil,2266,IPCA - Número-índice (base: dezembro de 1993 = 100),199102,fevereiro 1991
1,Brasil,30,Número-índice,0.0906736471203,1,Brasil,2266,IPCA - Número-índice (base: dezembro de 1993 = 100),199103,março 1991
1,Brasil,30,Número-índice,0.0951976035258,1,Brasil,2266,IPCA - Número-índice (base: dezembro de 1993 = 100),199104,abril 1991
1,Brasil,30,Número-índice,0.1022725378062,1,Brasil,2266,IPCA - Número-índice (base: dezembro de 1993 = 100),199105,maio 1991
1,Brasil,30,Número-índice,0.113715813284,1,Brasil,2266,IPCA - Número-índice (base: dezembro de 1993 = 100),199106,junho 1991
1,Brasil,30,Número-índice,0.1278267780427,1,Brasil,2266,IPCA - Número-índice (base: dezembro de 1993 = 100),199107,julho 1991
1,Brasil,30,Número-índice,0.1478066592194,1,Brasil,2266,IPCA - Número-índice (base: dezembro de 1993 = 100),199108,agosto 1991
1,Brasil,30,Número-índice,0.1709099599291,1,Brasil,2266,IPCA - Número-índice (base: dezembro de 1993 = 100),199109,setembro 1991
1,Brasil,30,Número-índice,0.2054843245466,1,Brasil,2266,IPCA - Número-índice (base: dezembro de 1993 = 100),199110,outubro 1991
1,Brasil,30,Número-índice,0.2572875157699,1,Brasil,2266,IPCA - Número-índice (base: dezembro de 1993 = 100),199111,novembro 1991
1,Brasil,30,Número-índice,0.3182886773263,1,Brasil,2266,IPCA - Número-índice (base: dezembro de 1993 = 100),199112,dezembro 1991
1,Brasil,30,Número-índice,0.4008536605699,1,Brasil,2266,IPCA - Número-índice (base: dezembro de 1993 = 100),199201,janeiro 1992
1,Brasil,30,Número-índice,0.4983410307284,1,Brasil,2266,IPCA - Número-índice (base: dezembro de 1993 = 100),199202,fevereiro 1992
1,Brasil,30,Número-índice,0.60498746741809994,1,Brasil,2266,IPCA - Número-índice (base: dezembro de 1993 = 100),199203,março 1992
1,Brasil,30,Número-índice,0.7255614652283,1,Brasil,2266,IPCA - Número-índice (base: dezembro de 1993 = 100),199204,abril 1992
1,Brasil,30,Número-índice,0.9059361644186,1,Brasil,2266,IPCA - Número-índice (base: dezembro de 1993 = 100),199205,maio 1992
1,Brasil,30,Número-índice,1.0890285720637,1,Brasil,2266,IPCA - Número-índice (base: dezembro de 1993 = 100),199206,junho 1992
1,Brasil,30,Número-índice,1.3267641484791,1,Brasil,2266,IPCA - Número-índice (base: dezembro de 1993 = 100),199207,julho 1992
1,Brasil,30,Número-índice,1.6205100844213,1,Brasil,2266,IPCA - Número-índice (base: dezembro de 1993 = 100),199208,agosto 1992
1,Brasil,30,Número-índice,2.0196408623306,1,Brasil,2266,IPCA - Número-índice (base: dezembro de 1993 = 100),199209,setembro 1992
1,Brasil,30,Número-índice,2.5293973801068,1,Brasil,2266,IPCA - Número-índice (base: dezembro de 1993 = 100),199210,outubro 1992
1,Brasil,30,Número-índice,3.0982598885128,1,Brasil,2266,IPCA - Número-índice (base: dezembro de 1993 = 100),199211,novembro 1992
1,Brasil,30,Número-índice,3.88025965509,1,Brasil,2266,IPCA - Número-índice (base: dezembro de 1993 = 100),199212,dezembro 1992
1,Brasil,30,Número-índice,5.0579166458253,1,Brasil,2266,IPCA - Número-índice (base: dezembro de 1993 = 100),199301,janeiro 1993
1,Brasil,30,Número-índice,6.3213843084293,1,Brasil,2266,IPCA - Número-índice (base: dezembro de 1993 = 100),199302,fevereiro 1993
1,Brasil,30,Número-índice,8.0445948724789,1,Brasil,2266,IPCA - Número-índice (base: dezembro de 1993 = 100),199303,março 1993
1,Brasil,30,Número-índice,10.2769672819025,1,Brasil,2266,IPCA - Número-índice (base: dezembro de 1993 = 100),199304,abril 1993
1,Brasil,30,Número-índice,13.1226581300609,1,Brasil,2266,IPCA - Número-índice (base: dezembro de 1993 = 100),199305,maio 1993
1,Brasil,30,Número-índice,17.0686429798089,1,Brasil,2266,IPCA - Número-índice (base: dezembro de 1993 = 100),199306,junho 1993
1,Brasil,30,Número-índice,22.3121307612362,1,Brasil,2266,IPCA - Número-índice (base: dezembro de 1993 = 100),199307,julho 1993
1,Brasil,30,Número-índice,29.6662109364145,1,Brasil,2266,IPCA - Número-índice (base: dezembro de 1993 = 100),199308,agosto 1993
1,Brasil,30,Número-índice,40.2540807309468,1,Brasil,2266,IPCA - Número-índice (base: dezembro de 1993 = 100),199309,setembro 1993
1,Brasil,30,Número-índice,53.9082648348533,1,Brasil,2266,IPCA - Número-índice (base: dezembro de 1993 = 100),199310,outubro 1993
1,Brasil,30,Número-índice,73.078046584524,1,Brasil,2266,IPCA - Número-índice (base: dezembro de 1993 = 100),199311,novembro 1993
1,Brasil,30,Número-índice,100,1,Brasil,2266,IPCA - Número-índice (base: dezembro de 1993 = 100),199312,dezembro 1993
1,Brasil,30,Número-índice,141.31,1,Brasil,2266,IPCA - Número-índice (base: dezembro de 1993 = 100),199401,janeiro 1994
1,Brasil,30,Número-índice,198.22,1,Brasil,2266,IPCA - Número-índice (base: dezembro de 1993 = 100),199402,fevereiro 1994
1,Brasil,30,Número-índice,282.96,1,Brasil,2266,IPCA - Número-índice (base: dezembro de 1993 = 100),199403,março 1994
1,Brasil,30,Número-índice,403.73,1,Brasil,2266,IPCA - Número-índice (base: dezembro de 1993 = 100),199404,abril 1994
1,Brasil,30,Número-índice,581.49,1,Brasil,2266,IPCA - Número-índice (base: dezembro de 1993 = 100),199405,maio 1994
1,Brasil,30,Número-índice,857.29,1,Brasil,2266,IPCA - Número-índice (base: dezembro de 1993 = 100),199406,junho 1994
1,Brasil,30,Número-índice,915.93,1,Brasil,2266,IPCA - Número-índice (base: dezembro de 1993 = 100),199407,julho 1994
1,Brasil,30,Número-índice,932.97,1,Brasil,2266,IPCA - Número-índice (base: dezembro de 1993 = 100),199408,agosto 1994
1,Brasil,30,Número-índice,947.24,1,Brasil,2266,IPCA - Número-índice (base: dezembro de 1993 = 100),199409,setembro 1994
1,Brasil,30,Número-índice,972.06,1,Brasil,2266,IPCA - Número-índice (base: dezembro de 1993 = 100),199410,outubro 1994
1,Brasil,30,Número-índice,999.37,1,Brasil,2266,IPCA - Número-índice (base: dezembro de 1993 = 100),199411,novembro 1994
1,Brasil,30,Número-índice,1016.46,1,Brasil,2266,IPCA - Número-índice (base: dezembro de 1993 = 100),199412,dezembro 1994
1,Brasil,30,Número-índice,1033.74,1,Brasil,2266,IPCA - Número-índice (base: dezembro de 1993 = 100),199501,janeiro 1995
1,Brasil,30,Número-índice,1044.28,1,Brasil,2266,IPCA - Número-índice (base: dezembro de 1993 = 100),199502,fevereiro 1995
1,Brasil,30,Número-índice,1060.47,1,Brasil,2266,IPCA - Número-índice (base: dezembro de 1993 = 100),199503,março 1995
1,Brasil,30,Número-índice,1086.24,1,Brasil,2266,IPCA - Número-índice (base: dezembro de 1993 = 100),199504,abril 1995
1,Brasil,30,Número-índice,1115.24,1,Brasil,2266,IPCA - Número-índice (base: dezembro de 1993 = 100),199505,maio 1995
1,Brasil,30,Número-índice,1140.44,1,Brasil,2266,IPCA - Número-índice (base: dezembro de 1993 = 100),199506,junho 1995
1,Brasil,30,Número-índice,1167.35,1,Brasil,2266,IPCA - Número-índice (base: dezembro de 1993 = 100),199507,julho 1995
1,Brasil,30,Número-índice,1178.91,1,Brasil,2266,IPCA - Número-índice (base: dezembro de 1993 = 100),199508,agosto 1995
1,Brasil,30,Número-índice,1190.58,1,Brasil,2266,IPCA - Número-índice (base: dezembro de 1993 = 100),199509,setembro 1995
1,Brasil,30,Número-índice,1207.37,1,Brasil,2266,IPCA - Número-índice (base: dezembro de 1993 = 100),199510,outubro 1995
1,Brasil,30,Número-índice,1225.12,1,Brasil,2266,IPCA - Número-índice (base: dezembro de 1993 = 100),199511,novembro 1995
1,Brasil,30,Número-índice,1244.23,1,Brasil,2266,IPCA - Número-índice (base: dezembro de 1993 = 100),199512,dezembro 1995
1,Brasil,30,Número-índice,1260.9,1,Brasil,2266,IPCA - Número-índice (base: dezembro de 1993 = 100),199601,janeiro 1996
1,Brasil,30,Número-índice,1273.89,1,Brasil,2266,IPCA - Número-índice (base: dezembro de 1993 = 100),199602,fevereiro 1996
1,Brasil,30,Número-índice,1278.35,1,Brasil,2266,IPCA - Número-índice (base: dezembro de 1993 = 100),199603,março 1996
1,Brasil,30,Número-índice,1294.46,1,Brasil,2266,IPCA - Número-índice (base: dezembro de 1993 = 100),199604,abril 1996
1,Brasil,30,Número-índice,1310.25,1,Brasil,2266,IPCA - Número-índice (base: dezembro de 1993 = 100),199605,maio 1996
1,Brasil,30,Número-índice,1325.84,1,Brasil,2266,IPCA - Número-índice (base: dezembro de 1993 = 100),199606,junho 1996
1,Brasil,30,Número-índice,1340.56,1,Brasil,2266,IPCA - Número-índice (base: dezembro de 1993 = 100),199607,julho 1996
1,Brasil,30,Número-índice,1346.46,1,Brasil,2266,IPCA - Número-índice (base: dezembro de 1993 = 100),199608,agosto 1996
1,Brasil,30,Número-índice,1348.48,1,Brasil,2266,IPCA - Número-índice (base: dezembro de 1993 = 100),199609,setembro 1996
1,Brasil,30,Número-índice,1352.53,1,Brasil,2266,IPCA - Número-índice (base: dezembro de 1993 = 100),199610,outubro 1996
1,Brasil,30,Número-índice,1356.86,1,Brasil,2266,IPCA - Número-índice (base: dezembro de 1993 = 100),199611,novembro 1996
1,Brasil,30,Número-índice,1363.24,1,Brasil,2266,IPCA - Número-índice (base: dezembro de 1993 = 100),199612,dezembro 1996
1,Brasil,30,Número-índice,1379.33,1,Brasil,2266,IPCA - Número-índice (base: dezembro de 1993 = 100),199701,janeiro 1997
1,Brasil,30,Número-índice,1386.23,1,Brasil,2266,IPCA - Número-índice (base: dezembro de 1993 = 100),199702,fevereiro 1997
1,Brasil,30,Número-índice,1393.3,1,Brasil,2266,IPCA - Número-índice (base: dezembro de 1993 = 100),199703,março 1997
1,Brasil,30,Número-índice,1405.56,1,Brasil,2266,IPCA - Número-índice (base: dezembro de 1993 = 100),199704,abril 1997
1,Brasil,30,Número-índice,1411.32,1,Brasil,2266,IPCA - Número-índice (base: dezembro de 1993 = 100),199705,maio 1997
1,Brasil,30,Número-índice,1418.94,1,Brasil,2266,IPCA - Número-índice (base: dezembro de 1993 = 100),199706,junho 1997
1,Brasil,30,Número-índice,1422.06,1,Brasil,2266,IPCA - Número-índice (base: dezembro de 1993 = 100),199707,julho 1997
1,Brasil,30,Número-índice,1421.78,1,Brasil,2266,IPCA - Número-índice (base: dezembro de 1993 = 100),199708,agosto 1997
1,Brasil,30,Número-índice,1422.63,1,Brasil,2266,IPCA - Número-índice (base: dezembro de 1993 = 100),199709,setembro 1997
1,Brasil,30,Número-índice,1425.9,1,Brasil,2266,IPCA - Número-índice (base: dezembro de 1993 = 100),199710,outubro 1997
1,Brasil,30,Número-índice,1428.32,1,Brasil,2266,IPCA - Número-índice (base: dezembro de 1993 = 100),199711,novembro 1997
1,Brasil,30,Número-índice,1434.46,1,Brasil,2266,IPCA - Número-índice (base: dezembro de 1993 = 100),199712,dezembro 1997
1,Brasil,30,Número-índice,1444.64,1,Brasil,2266,IPCA - Número-índice (base: dezembro de 1993 = 100),199801,janeiro 1998
1,Brasil,30,Número-índice,1451.29,1,Brasil,2266,IPCA - Número-índice (base: dezembro de 1993 = 100),199802,fevereiro 1998
1,Brasil,30,Número-índice,1456.22,1,Brasil,2266,IPCA - Número-índice (base: dezembro de 1993 = 100),199803,março 1998
1,Brasil,30,Número-índice,1459.71,1,Brasil,2266,IPCA - Número-índice (base: dezembro de 1993 = 100),199804,abril 1998
1,Brasil,30,Número-índice,1467.01,1,Brasil,2266,IPCA - Número-índice (base: dezembro de 1993 = 100),199805,maio 1998
1,Brasil,30,Número-índice,1467.3,1,Brasil,2266,IPCA - Número-índice (base: dezembro de 1993 = 100),199806,junho 1998
1,Brasil,30,Número-índice,1465.54,1,Brasil,2266,IPCA - Número-índice (base: dezembro de 1993 = 100),199807,julho 1998
1,Brasil,30,Número-índice,1458.07,1,Brasil,2266,IPCA - Número-índice (base: dezembro de 1993 = 100),199808,agosto 1998
1,Brasil,30,Número-índice,1454.86,1,Brasil,2266,IPCA - Número-índice (base: dezembro de 1993 = 100),199809,setembro 1998
1,Brasil,30,Número-índice,1455.15,1,Brasil,2266,IPCA - Número-índice (base: dezembro de 1993 = 100),199810,outubro 1998
1,Brasil,30,Número-índice,1453.4,1,Brasil,2266,IPCA - Número-índice (base: dezembro de 1993 = 100),199811,novembro 1998
1,Brasil,30,Número-índice,1458.2,1,Brasil,2266,IPCA - Número-índice (base: dezembro de 1993 = 100),199812,dezembro 1998
1,Brasil,30,Número-índice,1468.41,1,Brasil,2266,IPCA - Número-índice (base: dezembro de 1993 = 100),199901,janeiro 1999
1,Brasil,30,Número-índice,1483.83,1,Brasil,2266,IPCA - Número-índice (base: dezembro de 1993 = 100),199902,fevereiro 1999
1,Brasil,30,Número-índice,1500.15,1,Brasil,2266,IPCA - Número-índice (base: dezembro de 1993 = 100),199903,março 1999
1,Brasil,30,Número-índice,1508.55,1,Brasil,2266,IPCA - Número-índice (base: dezembro de 1993 = 100),199904,abril 1999
1,Brasil,30,Número-índice,1513.08,1,Brasil,2266,IPCA - Número-índice (base: dezembro de 1993 = 100),199905,maio 1999
1,Brasil,30,Número-índice,1515.95,1,Brasil,2266,IPCA - Número-índice (base: dezembro de 1993 = 100),199906,junho 1999
1,Brasil,30,Número-índice,1532.47,1,Brasil,2266,IPCA - Número-índice (base: dezembro de 1993 = 100),199907,julho 1999
1,Brasil,30,Número-índice,1541.05,1,Brasil,2266,IPCA - Número-índice (base: dezembro de 1993 = 100),199908,agosto 1999
1,Brasil,30,Número-índice,1545.83,1,Brasil,2266,IPCA - Número-índice (base: dezembro de 1993 = 100),199909,setembro 1999
1,Brasil,30,Número-índice,1564.23,1,Brasil,2266,IPCA - Número-índice (base: dezembro de 1993 = 100),199910,outubro 1999
1,Brasil,30,Número-índice,1579.09,1,Brasil,2266,IPCA - Número-índice (base: dezembro de 1993 = 100),199911,novembro 1999
1,Brasil,30,Número-índice,1588.56,1,Brasil,2266,IPCA - Número-índice (base: dezembro de 1993 = 100),199912,dezembro 1999
1,Brasil,30,Número-índice,1598.41,1,Brasil,2266,IPCA - Número-índice (base: dezembro de 1993 = 100),200001,janeiro 2000
1,Brasil,30,Número-índice,1600.49,1,Brasil,2266,IPCA - Número-índice (base: dezembro de 1993 = 100),200002,fevereiro 2000
1,Brasil,30,Número-índice,1604.01,1,Brasil,2266,IPCA - Número-índice (base: dezembro de 1993 = 100),200003,março 2000
1,Brasil,30,Número-índice,1610.75,1,Brasil,2266,IPCA - Número-índice (base: dezembro de 1993 = 100),200004,abril 2000
1,Brasil,30,Número-índice,1610.91,1,Brasil,2266,IPCA - Número-índice (base: dezembro de 1993 = 100),200005,maio 2000
1,Brasil,30,Número-índice,1614.62,1,Brasil,2266,IPCA - Número-índice (base: dezembro de 1993 = 100),200006,junho 2000
1,Brasil,30,Número-índice,1640.62,1,Brasil,2266,IPCA - Número-índice (base: dezembro de 1993 = 100),200007,julho 2000
1,Brasil,30,Número-índice,1662.11,1,Brasil,2266,IPCA - Número-índice (base: dezembro de 1993 = 100),200008,agosto 2000
1,Brasil,30,Número-índice,1665.93,1,Brasil,2266,IPCA - Número-índice (base: dezembro de 1993 = 100),200009,setembro 2000
1,Brasil,30,Número-índice,1668.26,1,Brasil,2266,IPCA - Número-índice (base: dezembro de 1993 = 100),200010,outubro 2000
1,Brasil,30,Número-índice,1673.6,1,Brasil,2266,IPCA - Número-índice (base: dezembro de 1993 = 100),200011,novembro 2000
1,Brasil,30,Número-índice,1683.47,1,Brasil,2266,IPCA - Número-índice (base: dezembro de 1993 = 100),200012,dezembro 2000
1,Brasil,30,Número-índice,1693.07,1,Brasil,2266,IPCA - Número-índice (base: dezembro de 1993 = 100),200101,janeiro 2001
1,Brasil,30,Número-índice,1700.86,1,Brasil,2266,IPCA - Número-índice (base: dezembro de 1993 = 100),200102,fevereiro 2001
1,Brasil,30,Número-índice,1707.32,1,Brasil,2266,IPCA - Número-índice (base: dezembro de 1993 = 100),200103,março 2001
1,Brasil,30,Número-índice,1717.22,1,Brasil,2266,IPCA - Número-índice (base: dezembro de 1993 = 100),200104,abril 2001
1,Brasil,30,Número-índice,1724.26,1,Brasil,2266,IPCA - Número-índice (base: dezembro de 1993 = 100),200105,maio 2001
1,Brasil,30,Número-índice,1733.23,1,Brasil,2266,IPCA - Número-índice (base: dezembro de 1993 = 100),200106,junho 2001
1,Brasil,30,Número-índice,1756.28,1,Brasil,2266,IPCA - Número-índice (base: dezembro de 1993 = 100),200107,julho 2001
1,Brasil,30,Número-índice,1768.57,1,Brasil,2266,IPCA - Número-índice (base: dezembro de 1993 = 100),200108,agosto 2001
1,Brasil,30,Número-índice,1773.52,1,Brasil,2266,IPCA - Número-índice (base: dezembro de 1993 = 100),200109,setembro 2001
1,Brasil,30,Número-índice,1788.24,1,Brasil,2266,IPCA - Número-índice (base: dezembro de 1993 = 100),200110,outubro 2001
1,Brasil,30,Número-índice,1800.94,1,Brasil,2266,IPCA - Número-índice (base: dezembro de 1993 = 100),200111,novembro 2001
1,Brasil,30,Número-índice,1812.65,1,Brasil,2266,IPCA - Número-índice (base: dezembro de 1993 = 100),200112,dezembro 2001
1,Brasil,30,Número-índice,1822.08,1,Brasil,2266,IPCA - Número-índice (base: dezembro de 1993 = 100),200201,janeiro 2002
1,Brasil,30,Número-índice,1828.64,1,Brasil,2266,IPCA - Número-índice (base: dezembro de 1993 = 100),200202,fevereiro 2002
1,Brasil,30,Número-índice,1839.61,1,Brasil,2266,IPCA - Número-índice (base: dezembro de 1993 = 100),200203,março 2002
1,Brasil,30,Número-índice,1854.33,1,Brasil,2266,IPCA - Número-índice (base: dezembro de 1993 = 100),200204,abril 2002
1,Brasil,30,Número-índice,1858.22,1,Brasil,2266,IPCA - Número-índice (base: dezembro de 1993 = 100),200205,maio 2002
1,Brasil,30,Número-índice,1866.02,1,Brasil,2266,IPCA - Número-índice (base: dezembro de 1993 = 100),200206,junho 2002
1,Brasil,30,Número-índice,1888.23,1,Brasil,2266,IPCA - Número-índice (base: dezembro de 1993 = 100),200207,julho 2002
1,Brasil,30,Número-índice,1900.5,1,Brasil,2266,IPCA - Número-índice (base: dezembro de 1993 = 100),200208,agosto 2002
1,Brasil,30,Número-índice,1914.18,1,Brasil,2266,IPCA - Número-índice (base: dezembro de 1993 = 100),200209,setembro 2002
1,Brasil,30,Número-índice,1939.26,1,Brasil,2266,IPCA - Número-índice (base: dezembro de 1993 = 100),200210,outubro 2002
1,Brasil,30,Número-índice,1997.83,1,Brasil,2266,IPCA - Número-índice (base: dezembro de 1993 = 100),200211,novembro 2002
1,Brasil,30,Número-índice,2039.78,1,Brasil,2266,IPCA - Número-índice (base: dezembro de 1993 = 100),200212,dezembro 2002
1,Brasil,30,Número-índice,2085.68,1,Brasil,2266,IPCA - Número-índice (base: dezembro de 1993 = 100),200301,janeiro 2003
1,Brasil,30,Número-índice,2118.43,1,Brasil,2266,IPCA - Número-índice (base: dezembro de 1993 = 100),200302,fevereiro 2003
1,Brasil,30,Número-índice,2144.49,1,Brasil,2266,IPCA - Número-índice (base: dezembro de 1993 = 100),200303,março 2003
1,Brasil,30,Número-índice,2165.29,1,Brasil,2266,IPCA - Número-índice (base: dezembro de 1993 = 100),200304,abril 2003
1,Brasil,30,Número-índice,2178.5,1,Brasil,2266,IPCA - Número-índice (base: dezembro de 1993 = 100),200305,maio 2003
1,Brasil,30,Número-índice,2175.23,1,Brasil,2266,IPCA - Número-índice (base: dezembro de 1993 = 100),200306,junho 2003
1,Brasil,30,Número-índice,2179.58,1,Brasil,2266,IPCA - Número-índice (base: dezembro de 1993 = 100),200307,julho 2003
1,Brasil,30,Número-índice,2186.99,1,Brasil,2266,IPCA - Número-índice (base: dezembro de 1993 = 100),200308,agosto 2003
1,Brasil,30,Número-índice,2204.05,1,Brasil,2266,IPCA - Número-índice (base: dezembro de 1993 = 100),200309,setembro 2003
1,Brasil,30,Número-índice,2210.44,1,Brasil,2266,IPCA - Número-índice (base: dezembro de 1993 = 100),200310,outubro 2003
1,Brasil,30,Número-índice,2217.96,1,Brasil,2266,IPCA - Número-índice (base: dezembro de 1993 = 100),200311,novembro 2003
1,Brasil,30,Número-índice,2229.49,1,Brasil,2266,IPCA - Número-índice (base: dezembro de 1993 = 100),200312,dezembro 2003
1,Brasil,30,Número-índice,2246.43,1,Brasil,2266,IPCA - Número-índice (base: dezembro de 1993 = 100),200401,janeiro 2004
1,Brasil,30,Número-índice,2260.13,1,Brasil,2266,IPCA - Número-índice (base: dezembro de 1993 = 100),200402,fevereiro 2004
1,Brasil,30,Número-índice,2270.75,1,Brasil,2266,IPCA - Número-índice (base: dezembro de 1993 = 100),200403,março 2004
1,Brasil,30,Número-índice,2279.15,1,Brasil,2266,IPCA - Número-índice (base: dezembro de 1993 = 100),200404,abril 2004
1,Brasil,30,Número-índice,2290.77,1,Brasil,2266,IPCA - Número-índice (base: dezembro de 1993 = 100),200405,maio 2004
1,Brasil,30,Número-índice,2307.03,1,Brasil,2266,IPCA - Número-índice (base: dezembro de 1993 = 100),200406,junho 2004
1,Brasil,30,Número-índice,2328.02,1,Brasil,2266,IPCA - Número-índice (base: dezembro de 1993 = 100),200407,julho 2004
1,Brasil,30,Número-índice,2344.08,1,Brasil,2266,IPCA - Número-índice (base: dezembro de 1993 = 100),200408,agosto 2004
1,Brasil,30,Número-índice,2351.82,1,Brasil,2266,IPCA - Número-índice (base: dezembro de 1993 = 100),200409,setembro 2004
1,Brasil,30,Número-índice,2362.17,1,Brasil,2266,IPCA - Número-índice (base: dezembro de 1993 = 100),200410,outubro 2004
1,Brasil,30,Número-índice,2378.47,1,Brasil,2266,IPCA - Número-índice (base: dezembro de 1993 = 100),200411,novembro 2004
1,Brasil,30,Número-índice,2398.92,1,Brasil,2266,IPCA - Número-índice (base: dezembro de 1993 = 100),200412,dezembro 2004
1,Brasil,30,Número-índice,2412.83,1,Brasil,2266,IPCA - Número-índice (base: dezembro de 1993 = 100),200501,janeiro 2005
1,Brasil,30,Número-índice,2427.07,1,Brasil,2266,IPCA - Número-índice (base: dezembro de 1993 = 100),200502,fevereiro 2005
1,Brasil,30,Número-índice,2441.87,1,Brasil,2266,IPCA - Número-índice (base: dezembro de 1993 = 100),200503,março 2005
1,Brasil,30,Número-índice,2463.11,1,Brasil,2266,IPCA - Número-índice (base: dezembro de 1993 = 100),200504,abril 2005
1,Brasil,30,Número-índice,2475.18,1,Brasil,2266,IPCA - Número-índice (base: dezembro de 1993 = 100),200505,maio 2005
1,Brasil,30,Número-índice,2474.68,1,Brasil,2266,IPCA - Número-índice (base: dezembro de 1993 = 100),200506,junho 2005
1,Brasil,30,Número-índice,2480.87,1,Brasil,2266,IPCA - Número-índice (base: dezembro de 1993 = 100),200507,julho 2005
1,Brasil,30,Número-índice,2485.09,1,Brasil,2266,IPCA - Número-índice (base: dezembro de 1993 = 100),200508,agosto 2005
1,Brasil,30,Número-índice,2493.79,1,Brasil,2266,IPCA - Número-índice (base: dezembro de 1993 = 100),200509,setembro 2005
1,Brasil,30,Número-índice,2512.49,1,Brasil,2266,IPCA - Número-índice (base: dezembro de 1993 = 100),200510,outubro 2005
1,Brasil,30,Número-índice,2526.31,1,Brasil,2266,IPCA - Número-índice (base: dezembro de 1993 = 100),200511,novembro 2005
1,Brasil,30,Número-índice,2535.4,1,Brasil,2266,IPCA - Número-índice (base: dezembro de 1993 = 100),200512,dezembro 2005
1,Brasil,30,Número-índice,2550.36,1,Brasil,2266,IPCA - Número-índice (base: dezembro de 1993 = 100),200601,janeiro 2006
1,Brasil,30,Número-índice,2560.82,1,Brasil,2266,IPCA - Número-índice (base: dezembro de 1993 = 100),200602,fevereiro 2006
1,Brasil,30,Número-índice,2571.83,1,Brasil,2266,IPCA - Número-índice (base: dezembro de 1993 = 100),200603,março 2006
1,Brasil,30,Número-índice,2577.23,1,Brasil,2266,IPCA - Número-índice (base: dezembro de 1993 = 100),200604,abril 2006
1,Brasil,30,Número-índice,2579.81,1,Brasil,2266,IPCA - Número-índice (base: dezembro de 1993 = 100),200605,maio 2006
1,Brasil,30,Número-índice,2574.39,1,Brasil,2266,IPCA - Número-índice (base: dezembro de 1993 = 100),200606,junho 2006
1,Brasil,30,Número-índice,2579.28,1,Brasil,2266,IPCA - Número-índice (base: dezembro de 1993 = 100),200607,julho 2006
1,Brasil,30,Número-índice,2580.57,1,Brasil,2266,IPCA - Número-índice (base: dezembro de 1993 = 100),200608,agosto 2006
1,Brasil,30,Número-índice,2585.99,1,Brasil,2266,IPCA - Número-índice (base: dezembro de 1993 = 100),200609,setembro 2006
1,Brasil,30,Número-índice,2594.52,1,Brasil,2266,IPCA - Número-índice (base: dezembro de 1993 = 100),200610,outubro 2006
1,Brasil,30,Número-índice,2602.56,1,Brasil,2266,IPCA - Número-índice (base: dezembro de 1993 = 100),200611,novembro 2006
1,Brasil,30,Número-índice,2615.05,1,Brasil,2266,IPCA - Número-índice (base: dezembro de 1993 = 100),200612,dezembro 2006
1,Brasil,30,Número-índice,2626.56,1,Brasil,2266,IPCA - Número-índice (base: dezembro de 1993 = 100),200701,janeiro 2007
1,Brasil,30,Número-índice,2638.12,1,Brasil,2266,IPCA - Número-índice (base: dezembro de 1993 = 100),200702,fevereiro 2007
1,Brasil,30,Número-índice,2647.88,1,Brasil,2266,IPCA - Número-índice (base: dezembro de 1993 = 100),200703,março 2007
1,Brasil,30,Número-índice,2654.5,1,Brasil,2266,IPCA - Número-índice (base: dezembro de 1993 = 100),200704,abril 2007
1,Brasil,30,Número-índice,2661.93,1,Brasil,2266,IPCA - Número-índice (base: dezembro de 1993 = 100),200705,maio 2007
1,Brasil,30,Número-índice,2669.38,1,Brasil,2266,IPCA - Número-índice (base: dezembro de 1993 = 100),200706,junho 2007
1,Brasil,30,Número-índice,2675.79,1,Brasil,2266,IPCA - Número-índice (base: dezembro de 1993 = 100),200707,julho 2007
1,Brasil,30,Número-índice,2688.37,1,Brasil,2266,IPCA - Número-índice (base: dezembro de 1993 = 100),200708,agosto 2007
1,Brasil,30,Número-índice,2693.21,1,Brasil,2266,IPCA - Número-índice (base: dezembro de 1993 = 100),200709,setembro 2007
1,Brasil,30,Número-índice,2701.29,1,Brasil,2266,IPCA - Número-índice (base: dezembro de 1993 = 100),200710,outubro 2007
1,Brasil,30,Número-índice,2711.55,1,Brasil,2266,IPCA - Número-índice (base: dezembro de 1993 = 100),200711,novembro 2007
1,Brasil,30,Número-índice,2731.62,1,Brasil,2266,IPCA - Número-índice (base: dezembro de 1993 = 100),200712,dezembro 2007
1,Brasil,30,Número-índice,2746.37,1,Brasil,2266,IPCA - Número-índice (base: dezembro de 1993 = 100),200801,janeiro 2008
1,Brasil,30,Número-índice,2759.83,1,Brasil,2266,IPCA - Número-índice (base: dezembro de 1993 = 100),200802,fevereiro 2008
1,Brasil,30,Número-índice,2773.08,1,Brasil,2266,IPCA - Número-índice (base: dezembro de 1993 = 100),200803,março 2008
1,Brasil,30,Número-índice,2788.33,1,Brasil,2266,IPCA - Número-índice (base: dezembro de 1993 = 100),200804,abril 2008
1,Brasil,30,Número-índice,2810.36,1,Brasil,2266,IPCA - Número-índice (base: dezembro de 1993 = 100),200805,maio 2008
1,Brasil,30,Número-índice,2831.16,1,Brasil,2266,IPCA - Número-índice (base: dezembro de 1993 = 100),200806,junho 2008
1,Brasil,30,Número-índice,2846.16,1,Brasil,2266,IPCA - Número-índice (base: dezembro de 1993 = 100),200807,julho 2008
1,Brasil,30,Número-índice,2854.13,1,Brasil,2266,IPCA - Número-índice (base: dezembro de 1993 = 100),200808,agosto 2008
1,Brasil,30,Número-índice,2861.55,1,Brasil,2266,IPCA - Número-índice (base: dezembro de 1993 = 100),200809,setembro 2008
1,Brasil,30,Número-índice,2874.43,1,Brasil,2266,IPCA - Número-índice (base: dezembro de 1993 = 100),200810,outubro 2008
1,Brasil,30,Número-índice,2884.78,1,Brasil,2266,IPCA - Número-índice (base: dezembro de 1993 = 100),200811,novembro 2008
1,Brasil,30,Número-índice,2892.86,1,Brasil,2266,IPCA - Número-índice (base: dezembro de 1993 = 100),200812,dezembro 2008
1,Brasil,30,Número-índice,2906.74,1,Brasil,2266,IPCA - Número-índice (base: dezembro de 1993 = 100),200901,janeiro 2009
1,Brasil,30,Número-índice,2922.73,1,Brasil,2266,IPCA - Número-índice (base: dezembro de 1993 = 100),200902,fevereiro 2009
1,Brasil,30,Número-índice,2928.57,1,Brasil,2266,IPCA - Número-índice (base: dezembro de 1993 = 100),200903,março 2009
1,Brasil,30,Número-índice,2942.63,1,Brasil,2266,IPCA - Número-índice (base: dezembro de 1993 = 100),200904,abril 2009
1,Brasil,30,Número-índice,2956.46,1,Brasil,2266,IPCA - Número-índice (base: dezembro de 1993 = 100),200905,maio 2009
1,Brasil,30,Número-índice,2967.1,1,Brasil,2266,IPCA - Número-índice (base: dezembro de 1993 = 100),200906,junho 2009
1,Brasil,30,Número-índice,2974.22,1,Brasil,2266,IPCA - Número-índice (base: dezembro de 1993 = 100),200907,julho 2009
1,Brasil,30,Número-índice,2978.68,1,Brasil,2266,IPCA - Número-índice (base: dezembro de 1993 = 100),200908,agosto 2009
1,Brasil,30,Número-índice,2985.83,1,Brasil,2266,IPCA - Número-índice (base: dezembro de 1993 = 100),200909,setembro 2009
1,Brasil,30,Número-índice,2994.19,1,Brasil,2266,IPCA - Número-índice (base: dezembro de 1993 = 100),200910,outubro 2009
1,Brasil,30,Número-índice,3006.47,1,Brasil,2266,IPCA - Número-índice (base: dezembro de 1993 = 100),200911,novembro 2009
1,Brasil,30,Número-índice,3017.59,1,Brasil,2266,IPCA - Número-índice (base: dezembro de 1993 = 100),200912,dezembro 2009
1,Brasil,30,Número-índice,3040.22,1,Brasil,2266,IPCA - Número-índice (base: dezembro de 1993 = 100),201001,janeiro 2010
1,Brasil,30,Número-índice,3063.93,1,Brasil,2266,IPCA - Número-índice (base: dezembro de 1993 = 100),201002,fevereiro 2010
1,Brasil,30,Número-índice,3079.86,1,Brasil,2266,IPCA - Número-índice (base: dezembro de 1993 = 100),201003,março 2010
1,Brasil,30,Número-índice,3097.42,1,Brasil,2266,IPCA - Número-índice (base: dezembro de 1993 = 100),201004,abril 2010
1,Brasil,30,Número-índice,3110.74,1,Brasil,2266,IPCA - Número-índice (base: dezembro de 1993 = 100),201005,maio 2010
1,Brasil,30,Número-índice,3110.74,1,Brasil,2266,IPCA - Número-índice (base: dezembro de 1993 = 100),201006,junho 2010
1,Brasil,30,Número-índice,3111.05,1,Brasil,2266,IPCA - Número-índice (base: dezembro de 1993 = 100),201007,julho 2010
1,Brasil,30,Número-índice,3112.29,1,Brasil,2266,IPCA - Número-índice (base: dezembro de 1993 = 100),201008,agosto 2010
1,Brasil,30,Número-índice,3126.29,1,Brasil,2266,IPCA - Número-índice (base: dezembro de 1993 = 100),201009,setembro 2010
1,Brasil,30,Número-índice,3149.74,1,Brasil,2266,IPCA - Número-índice (base: dezembro de 1993 = 100),201010,outubro 2010
1,Brasil,30,Número-índice,3175.88,1,Brasil,2266,IPCA - Número-índice (base: dezembro de 1993 = 100),201011,novembro 2010
1,Brasil,30,Número-índice,3195.89,1,Brasil,2266,IPCA - Número-índice (base: dezembro de 1993 = 100),201012,dezembro 2010
1,Brasil,30,Número-índice,3222.42,1,Brasil,2266,IPCA - Número-índice (base: dezembro de 1993 = 100),201101,janeiro 2011
1,Brasil,30,Número-índice,3248.2,1,Brasil,2266,IPCA - Número-índice (base: dezembro de 1993 = 100),201102,fevereiro 2011
1,Brasil,30,Número-índice,3273.86,1,Brasil,2266,IPCA - Número-índice (base: dezembro de 1993 = 100),201103,março 2011
1,Brasil,30,Número-índice,3299.07,1,Brasil,2266,IPCA - Número-índice (base: dezembro de 1993 = 100),201104,abril 2011
1,Brasil,30,Número-índice,3314.58,1,Brasil,2266,IPCA - Número-índice (base: dezembro de 1993 = 100),201105,maio 2011
1,Brasil,30,Número-índice,3319.55,1,Brasil,2266,IPCA - Número-índice (base: dezembro de 1993 = 100),201106,junho 2011
1,Brasil,30,Número-índice,3324.86,1,Brasil,2266,IPCA - Número-índice (base: dezembro de 1993 = 100),201107,julho 2011
1,Brasil,30,Número-índice,3337.16,1,Brasil,2266,IPCA - Número-índice (base: dezembro de 1993 = 100),201108,agosto 2011
1,Brasil,30,Número-índice,3354.85,1,Brasil,2266,IPCA - Número-índice (base: dezembro de 1993 = 100),201109,setembro 2011
1,Brasil,30,Número-índice,3369.28,1,Brasil,2266,IPCA - Número-índice (base: dezembro de 1993 = 100),201110,outubro 2011
1,Brasil,30,Número-índice,3386.8,1,Brasil,2266,IPCA - Número-índice (base: dezembro de 1993 = 100),201111,novembro 2011
1,Brasil,30,Número-índice,3403.73,1,Brasil,2266,IPCA - Número-índice (base: dezembro de 1993 = 100),201112,dezembro 2011
1,Brasil,30,Número-índice,3422.79,1,Brasil,2266,IPCA - Número-índice (base: dezembro de 1993 = 100),201201,janeiro 2012
1,Brasil,30,Número-índice,3438.19,1,Brasil,2266,IPCA - Número-índice (base: dezembro de 1993 = 100),201202,fevereiro 2012
1,Brasil,30,Número-índice,3445.41,1,Brasil,2266,IPCA - Número-índice (base: dezembro de 1993 = 100),201203,março 2012
1,Brasil,30,Número-índice,3467.46,1,Brasil,2266,IPCA - Número-índice (base: dezembro de 1993 = 100),201204,abril 2012
1,Brasil,30,Número-índice,3479.94,1,Brasil,2266,IPCA - Número-índice (base: dezembro de 1993 = 100),201205,maio 2012
1,Brasil,30,Número-índice,3482.72,1,Brasil,2266,IPCA - Número-índice (base: dezembro de 1993 = 100),201206,junho 2012
1,Brasil,30,Número-índice,3497.7,1,Brasil,2266,IPCA - Número-índice (base: dezembro de 1993 = 100),201207,julho 2012
1,Brasil,30,Número-índice,3512.04,1,Brasil,2266,IPCA - Número-índice (base: dezembro de 1993 = 100),201208,agosto 2012
1,Brasil,30,Número-índice,3532.06,1,Brasil,2266,IPCA - Número-índice (base: dezembro de 1993 = 100),201209,setembro 2012
1,Brasil,30,Número-índice,3552.9,1,Brasil,2266,IPCA - Número-índice (base: dezembro de 1993 = 100),201210,outubro 2012
1,Brasil,30,Número-índice,3574.22,1,Brasil,2266,IPCA - Número-índice (base: dezembro de 1993 = 100),201211,novembro 2012
1,Brasil,30,Número-índice,3602.46,1,Brasil,2266,IPCA - Número-índice (base: dezembro de 1993 = 100),201212,dezembro 2012
1,Brasil,30,Número-índice,3633.44,1,Brasil,2266,IPCA - Número-índice (base: dezembro de 1993 = 100),201301,janeiro 2013
1,Brasil,30,Número-índice,3655.24,1,Brasil,2266,IPCA - Número-índice (base: dezembro de 1993 = 100),201302,fevereiro 2013
1,Brasil,30,Número-índice,3672.42,1,Brasil,2266,IPCA - Número-índice (base: dezembro de 1993 = 100),201303,março 2013
1,Brasil,30,Número-índice,3692.62,1,Brasil,2266,IPCA - Número-índice (base: dezembro de 1993 = 100),201304,abril 2013
1,Brasil,30,Número-índice,3706.28,1,Brasil,2266,IPCA - Número-índice (base: dezembro de 1993 = 100),201305,maio 2013
1,Brasil,30,Número-índice,3715.92,1,Brasil,2266,IPCA - Número-índice (base: dezembro de 1993 = 100),201306,junho 2013
1,Brasil,30,Número-índice,3717.03,1,Brasil,2266,IPCA - Número-índice (base: dezembro de 1993 = 100),201307,julho 2013
1,Brasil,30,Número-índice,3725.95,1,Brasil,2266,IPCA - Número-índice (base: dezembro de 1993 = 100),201308,agosto 2013
1,Brasil,30,Número-índice,3738.99,1,Brasil,2266,IPCA - Número-índice (base: dezembro de 1993 = 100),201309,setembro 2013
1,Brasil,30,Número-índice,3760.3,1,Brasil,2266,IPCA - Número-índice (base: dezembro de 1993 = 100),201310,outubro 2013
1,Brasil,30,Número-índice,3780.61,1,Brasil,2266,IPCA - Número-índice (base: dezembro de 1993 = 100),201311,novembro 2013
1,Brasil,30,Número-índice,3815.39,1,Brasil,2266,IPCA - Número-índice (base: dezembro de 1993 = 100),201312,dezembro 2013
1,Brasil,30,Número-índice,3836.37,1,Brasil,2266,IPCA - Número-índice (base: dezembro de 1993 = 100),201401,janeiro 2014
1,Brasil,30,Número-índice,3862.84,1,Brasil,2266,IPCA - Número-índice (base: dezembro de 1993 = 100),201402,fevereiro 2014
1,Brasil,30,Número-índice,3898.38,1,Brasil,2266,IPCA - Número-índice (base: dezembro de 1993 = 100),201403,março 2014
1,Brasil,30,Número-índice,3924.5,1,Brasil,2266,IPCA - Número-índice (base: dezembro de 1993 = 100),201404,abril 2014
1,Brasil,30,Número-índice,3942.55,1,Brasil,2266,IPCA - Número-índice (base: dezembro de 1993 = 100),201405,maio 2014
1,Brasil,30,Número-índice,3958.32,1,Brasil,2266,IPCA - Número-índice (base: dezembro de 1993 = 100),201406,junho 2014
1,Brasil,30,Número-índice,3958.72,1,Brasil,2266,IPCA - Número-índice (base: dezembro de 1993 = 100),201407,julho 2014
1,Brasil,30,Número-índice,3968.62,1,Brasil,2266,IPCA - Número-índice (base: dezembro de 1993 = 100),201408,agosto 2014
1,Brasil,30,Número-índice,3991.24,1,Brasil,2266,IPCA - Número-índice (base: dezembro de 1993 = 100),201409,setembro 2014
1,Brasil,30,Número-índice,4008,1,Brasil,2266,IPCA - Número-índice (base: dezembro de 1993 = 100),201410,outubro 2014
1,Brasil,30,Número-índice,4028.44,1,Brasil,2266,IPCA - Número-índice (base: dezembro de 1993 = 100),201411,novembro 2014
1,Brasil,30,Número-índice,4059.86,1,Brasil,2266,IPCA - Número-índice (base: dezembro de 1993 = 100),201412,dezembro 2014
1,Brasil,30,Número-índice,4110.2,1,Brasil,2266,IPCA - Número-índice (base: dezembro de 1993 = 100),201501,janeiro 2015
1,Brasil,30,Número-índice,4160.34,1,Brasil,2266,IPCA - Número-índice (base: dezembro de 1993 = 100),201502,fevereiro 2015
1,Brasil,30,Número-índice,4215.26,1,Brasil,2266,IPCA - Número-índice (base: dezembro de 1993 = 100),201503,março 2015
1,Brasil,30,Número-índice,4245.19,1,Brasil,2266,IPCA - Número-índice (base: dezembro de 1993 = 100),201504,abril 2015
1,Brasil,30,Número-índice,4276.6,1,Brasil,2266,IPCA - Número-índice (base: dezembro de 1993 = 100),201505,maio 2015
1,Brasil,30,Número-índice,4310.39,1,Brasil,2266,IPCA - Número-índice (base: dezembro de 1993 = 100),201506,junho 2015
1,Brasil,30,Número-índice,4337.11,1,Brasil,2266,IPCA - Número-índice (base: dezembro de 1993 = 100),201507,julho 2015
1,Brasil,30,Número-índice,4346.65,1,Brasil,2266,IPCA - Número-índice (base: dezembro de 1993 = 100),201508,agosto 2015
1,Brasil,30,Número-índice,4370.12,1,Brasil,2266,IPCA - Número-índice (base: dezembro de 1993 = 100),201509,setembro 2015
1,Brasil,30,Número-índice,4405.95,1,Brasil,2266,IPCA - Número-índice (base: dezembro de 1993 = 100),201510,outubro 2015
1,Brasil,30,Número-índice,4450.45,1,Brasil,2266,IPCA - Número-índice (base: dezembro de 1993 = 100),201511,novembro 2015
1,Brasil,30,Número-índice,4493.17,1,Brasil,2266,IPCA - Número-índice (base: dezembro de 1993 = 100),201512,dezembro 2015
1,Brasil,30,Número-índice,4550.23,1,Brasil,2266,IPCA - Número-índice (base: dezembro de 1993 = 100),201601,janeiro 2016
1,Brasil,30,Número-índice,4591.18,1,Brasil,2266,IPCA - Número-índice (base: dezembro de 1993 = 100),201602,fevereiro 2016
1,Brasil,30,Número-índice,4610.92,1,Brasil,2266,IPCA - Número-índice (base: dezembro de 1993 = 100),201603,março 2016
1,Brasil,30,Número-índice,4639.05,1,Brasil,2266,IPCA - Número-índice (base: dezembro de 1993 = 100),201604,abril 2016
1,Brasil,30,Número-índice,4675.23,1,Brasil,2266,IPCA - Número-índice (base: dezembro de 1993 = 100),201605,maio 2016
1,Brasil,30,Número-índice,4691.59,1,Brasil,2266,IPCA - Número-índice (base: dezembro de 1993 = 100),201606,junho 2016
1,Brasil,30,Número-índice,4715.99,1,Brasil,2266,IPCA - Número-índice (base: dezembro de 1993 = 100),201607,julho 2016
1,Brasil,30,Número-índice,4736.74,1,Brasil,2266,IPCA - Número-índice (base: dezembro de 1993 = 100),201608,agosto 2016
1,Brasil,30,Número-índice,4740.53,1,Brasil,2266,IPCA - Número-índice (base: dezembro de 1993 = 100),201609,setembro 2016
1,Brasil,30,Número-índice,4752.86,1,Brasil,2266,IPCA - Número-índice (base: dezembro de 1993 = 100),201610,outubro 2016
1,Brasil,30,Número-índice,4761.42,1,Brasil,2266,IPCA - Número-índice (base: dezembro de 1993 = 100),201611,novembro 2016
1,Brasil,30,Número-índice,4775.7,1,Brasil,2266,IPCA - Número-índice (base: dezembro de 1993 = 100),201612,dezembro 2016
1,Brasil,30,Número-índice,4793.85,1,Brasil,2266,IPCA - Número-índice (base: dezembro de 1993 = 100),201701,janeiro 2017
1,Brasil,30,Número-índice,4809.67,1,Brasil,2266,IPCA - Número-índice (base: dezembro de 1993 = 100),201702,fevereiro 2017
1,Brasil,30,Número-índice,4821.69,1,Brasil,2266,IPCA - Número-índice (base: dezembro de 1993 = 100),201703,março 2017
1,Brasil,30,Número-índice,4828.44,1,Brasil,2266,IPCA - Número-índice (base: dezembro de 1993 = 100),201704,abril 2017
1,Brasil,30,Número-índice,4843.41,1,Brasil,2266,IPCA - Número-índice (base: dezembro de 1993 = 100),201705,maio 2017
1,Brasil,30,Número-índice,4832.27,1,Brasil,2266,IPCA - Número-índice (base: dezembro de 1993 = 100),201706,junho 2017
1,Brasil,30,Número-índice,4843.87,1,Brasil,2266,IPCA - Número-índice (base: dezembro de 1993 = 100),201707,julho 2017
1,Brasil,30,Número-índice,4853.07,1,Brasil,2266,IPCA - Número-índice (base: dezembro de 1993 = 100),201708,agosto 2017
1,Brasil,30,Número-índice,4860.83,1,Brasil,2266,IPCA - Número-índice (base: dezembro de 1993 = 100),201709,setembro 2017
1,Brasil,30,Número-índice,4881.25,1,Brasil,2266,IPCA - Número-índice (base: dezembro de 1993 = 100),201710,outubro 2017
1,Brasil,30,Número-índice,4894.92,1,Brasil,2266,IPCA - Número-índice (base: dezembro de 1993 = 100),201711,novembro 2017
1,Brasil,30,Número-índice,4916.46,1,Brasil,2266,IPCA - Número-índice (base: dezembro de 1993 = 100),201712,dezembro 2017
1,Brasil,30,Número-índice,4930.72,1,Brasil,2266,IPCA - Número-índice (base: dezembro de 1993 = 100),201801,janeiro 2018
1,Brasil,30,Número-índice,4946.5,1,Brasil,2266,IPCA - Número-índice (base: dezembro de 1993 = 100),201802,fevereiro 2018
1,Brasil,30,Número-índice,4950.95,1,Brasil,2266,IPCA - Número-índice (base: dezembro de 1993 = 100),201803,março 2018
1,Brasil,30,Número-índice,4961.84,1,Brasil,2266,IPCA - Número-índice (base: dezembro de 1993 = 100),201804,abril 2018
1,Brasil,30,Número-índice,4981.69,1,Brasil,2266,IPCA - Número-índice (base: dezembro de 1993 = 100),201805,maio 2018
1,Brasil,30,Número-índice,5044.46,1,Brasil,2266,IPCA - Número-índice (base: dezembro de 1993 = 100),201806,junho 2018
1,Brasil,30,Número-índice,5061.11,1,Brasil,2266,IPCA - Número-índice (base: dezembro de 1993 = 100),201807,julho 2018
1,Brasil,30,Número-índice,5056.56,1,Brasil,2266,IPCA - Número-índice (base: dezembro de 1993 = 100),201808,agosto 2018
1,Brasil,30,Número-índice,5080.83,1,Brasil,2266,IPCA - Número-índice (base: dezembro de 1993 = 100),201809,setembro 2018
1,Brasil,30,Número-índice,5103.69,1,Brasil,2266,IPCA - Número-índice (base: dezembro de 1993 = 100),201810,outubro 2018
1,Brasil,30,Número-índice,5092.97,1,Brasil,2266,IPCA - Número-índice (base: dezembro de 1993 = 100),201811,novembro 2018
1,Brasil,30,Número-índice,5100.61,1,Brasil,2266,IPCA - Número-índice (base: dezembro de 1993 = 100),201812,dezembro 2018
1,Brasil,30,Número-índice,5116.93,1,Brasil,2266,IPCA - Número-índice (base: dezembro de 1993 = 100),201901,janeiro 2019
1,Brasil,30,Número-índice,5138.93,1,Brasil,2266,IPCA - Número-índice (base: dezembro de 1993 = 100),201902,fevereiro 2019
1,Brasil,30,Número-índice,5177.47,1,Brasil,2266,IPCA - Número-índice (base: dezembro de 1993 = 100),201903,março 2019
1,Brasil,30,Número-índice,5206.98,1,Brasil,2266,IPCA - Número-índice (base: dezembro de 1993 = 100),201904,abril 2019
1,Brasil,30,Número-índice,5213.75,1,Brasil,2266,IPCA - Número-índice (base: dezembro de 1993 = 100),201905,maio 2019
1,Brasil,30,Número-índice,5214.27,1,Brasil,2266,IPCA - Número-índice (base: dezembro de 1993 = 100),201906,junho 2019
1,Brasil,30,Número-índice,5224.18,1,Brasil,2266,IPCA - Número-índice (base: dezembro de 1993 = 100),201907,julho 2019
1,Brasil,30,Número-índice,5229.93,1,Brasil,2266,IPCA - Número-índice (base: dezembro de 1993 = 100),201908,agosto 2019
1,Brasil,30,Número-índice,5227.84,1,Brasil,2266,IPCA - Número-índice (base: dezembro de 1993 = 100),201909,setembro 2019
1,Brasil,30,Número-índice,5233.07,1,Brasil,2266,IPCA - Número-índice (base: dezembro de 1993 = 100),201910,outubro 2019
1,Brasil,30,Número-índice,5259.76,1,Brasil,2266,IPCA - Número-índice (base: dezembro de 1993 = 100),201911,novembro 2019
1,Brasil,30,Número-índice,5320.25,1,Brasil,2266,IPCA - Número-índice (base: dezembro de 1993 = 100),201912,dezembro 2019
1,Brasil,30,Número-índice,5331.42,1,Brasil,2266,IPCA - Número-índice (base: dezembro de 1993 = 100),202001,janeiro 2020
1,Brasil,30,Número-índice,5344.75,1,Brasil,2266,IPCA - Número-índice (base: dezembro de 1993 = 100),202002,fevereiro 2020
1,Brasil,30,Número-índice,5348.49,1,Brasil,2266,IPCA - Número-índice (base: dezembro de 1993 = 100),202003,março 2020
1,Brasil,30,Número-índice,5331.91,1,Brasil,2266,IPCA - Número-índice (base: dezembro de 1993 = 100),202004,abril 2020
1,Brasil,30,Número-índice,5311.65,1,Brasil,2266,IPCA - Número-índice (base: dezembro de 1993 = 100),202005,maio 2020
1,Brasil,30,Número-índice,5325.46,1,Brasil,2266,IPCA - Número-índice (base: dezembro de 1993 = 100),202006,junho 2020
1,Brasil,30,Número-índice,5344.63,1,Brasil,2266,IPCA - Número-índice (base: dezembro de 1993 = 100),202007,julho 2020
1,Brasil,30,Número-índice,5357.46,1,Brasil,2266,IPCA - Número-índice (base: dezembro de 1993 = 100),202008,agosto 2020
1,Brasil,30,Número-índice,5391.75,1,Brasil,2266,IPCA - Número-índice (base: dezembro de 1993 = 100),202009,setembro 2020
1,Brasil,30,Número-índice,5438.12,1,Brasil,2266,IPCA - Número-índice (base: dezembro de 1993 = 100),202010,outubro 2020
1,Brasil,30,Número-índice,5486.52,1,Brasil,2266,IPCA - Número-índice (base: dezembro de 1993 = 100),202011,novembro 2020
1,Brasil,30,Número-índice,5560.59,1,Brasil,2266,IPCA - Número-índice (base: dezembro de 1993 = 100),202012,dezembro 2020
1,Brasil,30,Número-índice,5574.49,1,Brasil,2266,IPCA - Número-índice (base: dezembro de 1993 = 100),202101,janeiro 2021
1,Brasil,30,Número-índice,5622.43,1,Brasil,2266,IPCA - Número-índice (base: dezembro de 1993 = 100),202102,fevereiro 2021
1,Brasil,30,Número-índice,5674.72,1,Brasil,2266,IPCA - Número-índice (base: dezembro de 1993 = 100),202103,março 2021
1,Brasil,30,Número-índice,5692.31,1,Brasil,2266,IPCA - Número-índice (base: dezembro de 1993 = 100),202104,abril 2021
1,Brasil,30,Número-índice,5739.56,1,Brasil,2266,IPCA - Número-índice (base: dezembro de 1993 = 100),202105,maio 2021
1,Brasil,30,Número-índice,5769.98,1,Brasil,2266,IPCA - Número-índice (base: dezembro de 1993 = 100),202106,junho 2021
1,Brasil,30,Número-índice,5825.37,1,Brasil,2266,IPCA - Número-índice (base: dezembro de 1993 = 100),202107,julho 2021
1,Brasil,30,Número-índice,5876.05,1,Brasil,2266,IPCA - Número-índice (base: dezembro de 1993 = 100),202108,agosto 2021
1,Brasil,30,Número-índice,5944.21,1,Brasil,2266,IPCA - Número-índice (base: dezembro de 1993 = 100),202109,setembro 2021
1,Brasil,30,Número-índice,6018.51,1,Brasil,2266,IPCA - Número-índice (base: dezembro de 1993 = 100),202110,outubro 2021
1,Brasil,30,Número-índice,6075.69,1,Brasil,2266,IPCA - Número-índice (base: dezembro de 1993 = 100),202111,novembro 2021
1,Brasil,30,Número-índice,6120.04,1,Brasil,2266,IPCA - Número-índice (base: dezembro de 1993 = 100),202112,dezembro 2021
1,Brasil,30,Número-índice,6153.09,1,Brasil,2266,IPCA - Número-índice (base: dezembro de 1993 = 100),202201,janeiro 2022
1,Brasil,30,Número-índice,6215.24,1,Brasil,2266,IPCA - Número-índice (base: dezembro de 1993 = 100),202202,fevereiro 2022
1,Brasil,30,Número-índice,6315.93,1,Brasil,2266,IPCA - Número-índice (base: dezembro de 1993 = 100),202203,março 2022
1,Brasil,30,Número-índice,6382.88,1,Brasil,2266,IPCA - Número-índice (base: dezembro de 1993 = 100),202204,abril 2022
1,Brasil,30,Número-índice,6412.88,1,Brasil,2266,IPCA - Número-índice (base: dezembro de 1993 = 100),202205,maio 2022
1,Brasil,30,Número-índice,6455.85,1,Brasil,2266,IPCA - Número-índice (base: dezembro de 1993 = 100),202206,junho 2022
1,Brasil,30,Número-índice,6411.95,1,Brasil,2266,IPCA - Número-índice (base: dezembro de 1993 = 100),202207,julho 2022
1,Brasil,30,Número-índice,6388.87,1,Brasil,2266,IPCA - Número-índice (base: dezembro de 1993 = 100),202208,agosto 2022
1,Brasil,30,Número-índice,6370.34,1,Brasil,2266,IPCA - Número-índice (base: dezembro de 1993 = 100),202209,setembro 2022
1,Brasil,30,Número-índice,6407.93,1,Brasil,2266,IPCA - Número-índice (base: dezembro de 1993 = 100),202210,outubro 2022
1,Brasil,30,Número-índice,6434.2,1,Brasil,2266,IPCA - Número-índice (base: dezembro de 1993 = 100),202211,novembro 2022
1,Brasil,30,Número-índice,6474.09,1,Brasil,2266,IPCA - Número-índice (base: dezembro de 1993 = 100),202212,dezembro 2022
1,Brasil,30,Número-índice,6508.4,1,Brasil,2266,IPCA - Número-índice (base: dezembro de 1993 = 100),202301,janeiro 2023
1,Brasil,30,Número-índice,6563.07,1,Brasil,2266,IPCA - Número-índice (base: dezembro de 1993 = 100),202302,fevereiro 2023
1,Brasil,30,Número-índice,6609.67,1,Brasil,2266,IPCA - Número-índice (base: dezembro de 1993 = 100),202303,março 2023
1,Brasil,30,Número-índice,6649.99,1,Brasil,2266,IPCA - Número-índice (base: dezembro de 1993 = 100),202304,abril 2023
1,Brasil,30,Número-índice,6665.28,1,Brasil,2266,IPCA - Número-índice (base: dezembro de 1993 = 100),202305,maio 2023
1,Brasil,30,Número-índice,6659.95,1,Brasil,2266,IPCA - Número-índice (base: dezembro de 1993 = 100),202306,junho 2023
1,Brasil,30,Número-índice,6667.94,1,Brasil,2266,IPCA - Número-índice (base: dezembro de 1993 = 100),202307,julho 2023
1,Brasil,30,Número-índice,6683.28,1,Brasil,2266,IPCA - Número-índice (base: dezembro de 1993 = 100),202308,agosto 2023
1,Brasil,30,Número-índice,6700.66,1,Brasil,2266,IPCA - Número-índice (base: dezembro de 1993 = 100),202309,setembro 2023
1,Brasil,30,Número-índice,6716.74,1,Brasil,2266,IPCA - Número-índice (base: dezembro de 1993 = 100),202310,outubro 2023
1,Brasil,30,Número-índice,6735.55,1,Brasil,2266,IPCA - Número-índice (base: dezembro de 1993 = 100),202311,novembro 2023
1,Brasil,30,Número-índice,6773.27,1,Brasil,2266,IPCA - Número-índice (base: dezembro de 1993 = 100),202312,dezembro 2023
1,Brasil,30,Número-índice,6801.72,1,Brasil,2266,IPCA - Número-índice (base: dezembro de 1993 = 100),202401,janeiro 2024
1,Brasil,30,Número-índice,6858.17,1,Brasil,2266,IPCA - Número-índice (base: dezembro de 1993 = 100),202402,fevereiro 2024
1,Brasil,30,Número-índice,6869.14,1,Brasil,2266,IPCA - Número-índice (base: dezembro de 1993 = 100),202403,março 2024
1,Brasil,30,Número-índice,6895.24,1,Brasil,2266,IPCA - Número-índice (base: dezembro de 1993 = 100),202404,abril 2024
1,Brasil,30,Número-índice,6926.96,1,Brasil,2266,IPCA - Número-índice (base: dezembro de 1993 = 100),202405,maio 2024
1,Brasil,30,Número-índice,6941.51,1,Brasil,2266,IPCA - Número-índice (base: dezembro de 1993 = 100),202406,junho 2024
1,Brasil,30,Número-índice,6967.89,1,Brasil,2266,IPCA - Número-índice (base: dezembro de 1993 = 100),202407,julho 2024
1,Brasil,30,Número-índice,6966.5,1,Brasil,2266,IPCA - Número-índice (base: dezembro de 1993 = 100),202408,agosto 2024
1,Brasil,30,Número-índice,6997.15,1,Brasil,2266,IPCA - Número-índice (base: dezembro de 1993 = 100),202409,setembro 2024
1,Brasil,30,Número-índice,7036.33,1,Brasil,2266,IPCA - Número-índice (base: dezembro de 1993 = 100),202410,outubro 2024
1,Brasil,30,Número-índice,7063.77,1,Brasil,2266,IPCA - Número-índice (base: dezembro de 1993 = 100),202411,novembro 2024
1,Brasil,30,Número-índice,7100.5,1,Brasil,2266,IPCA - Número-índice (base: dezembro de 1993 = 100),202412,dezembro 2024
1,Brasil,30,Número-índice,7111.86,1,Brasil,2266,IPCA - Número-índice (base: dezembro de 1993 = 100),202501,janeiro 2025
1,Brasil,30,Número-índice,7205.03,1,Brasil,2266,IPCA - Número-índice (base: dezembro de 1993 = 100),202502,fevereiro 2025
1,Brasil,30,Número-índice,7245.38,1,Brasil,2266,IPCA - Número-índice (base: dezembro de 1993 = 100),202503,março 2025
1,Brasil,30,Número-índice,7276.54,1,Brasil,2266,IPCA - Número-índice (base: dezembro de 1993 = 100),202504,abril 2025
1,Brasil,30,Número-índice,7295.46,1,Brasil,2266,IPCA - Número-índice (base: dezembro de 1993 = 100),202505,maio 2025
1,Brasil,30,Número-índice,7312.97,1,Brasil,2266,IPCA - Número-índice (base: dezembro de 1993 = 100),202506,junho 2025
1,Brasil,30,Número-índice,7331.98,1,Brasil,2266,IPCA - Número-índice (base: dezembro de 1993 = 100),202507,julho 2025
1,Brasil,30,Número-índice,7323.91,1,Brasil,2266,IPCA - Número-índice (base: dezembro de 1993 = 100),202508,agosto 2025
1,Brasil,30,Número-índice,7359.06,1,Brasil,2266,IPCA - Número-índice (base: dezembro de 1993 = 100),202509,setembro 2025
1,Brasil,30,Número-índice,7365.68,1,Brasil,2266,IPCA - Número-índice (base: dezembro de 1993 = 100),202510,outubro 2025
1,Brasil,30,Número-índice,7378.94,1,Brasil,2266,IPCA - Número-índice (base: dezembro de 1993 = 100),202511,novembro 2025
1,Brasil,30,Número-índice,7403.29,1,Brasil,2266,IPCA - Número-índice (base: dezembro de 1993 = 100),202512,dezembro 2025
1,Brasil,30,Número-índice,7427.72,1,Brasil,2266,IPCA - Número-índice (base: dezembro de 1993 = 100),202601,janeiro 2026
1,Brasil,30,Número-índice,7479.71,1,Brasil,2266,IPCA - Número-índice (base: dezembro de 1993 = 100),202602,fevereiro 2026
